/* USERS CONFIGURATION */
INSERT INTO uuid VALUES ('2');
INSERT INTO users ( id, keycloak_id, uuid ) VALUES
( 1, '81ef41c5-2c18-483c-8b2b-7b7c66c17835', '2' );

INSERT INTO asset ( id, name, label, asset_type_id, user_id, uuid, asset_category_id ) VALUES
( 2, 'ren-admin', 'RENergetic Administrator', 18, 1, '2', NULL );

/* PILOT CONFIGURATION */
INSERT INTO asset(
    id, name, geo_location, label, asset_category_id, parent_asset_id, asset_type_id, user_id, uuid)
    VALUES
    (3, 'iceberg', NULL, 'Iceberg', NULL, NULL, 3, NULL, '2'),
    (4, 'heat', NULL, 'Iceberg heat', NULL, 2, 24, NULL, '2'),
    (5, 'electricity', NULL, 'Iceberg electricity', NULL, 2, 17, NULL, '2'),
    (6, 'CDZ1_UTA-02_Cool', NULL, 'CDZ1_UTA-02_Cool', NULL, 1, 25, NULL, '2'),
    (7, 'CDZ1_UTA-02_Humidifier', NULL, 'CDZ1_UTA-02_Humidifier', NULL, 1, 21, NULL, '2'),
    (8, 'CDZ1_UTA-02_PreHeat', NULL, 'CDZ1_UTA-02_PreHeat', NULL, 1, 25, NULL, '2'),
    (9, 'CDZ1_UTA-05_Cool', NULL, 'CDZ1_UTA-05_Cool', NULL, 1, 25, NULL, '2'),
    (10, 'CDZ1_UTA-05_Humidifier', NULL, 'CDZ1_UTA-05_Humidifier', NULL, 1, 21, NULL, '2'),
    (11, 'CDZ1_UTA-05_PreHeat', NULL, 'CDZ1_UTA-05_PreHeat', NULL, 1, 25, NULL, '2'),
    (12, 'CDZ1_UTA-29_Cool', NULL, 'CDZ1_UTA-29_Cool', NULL, 1, 25, NULL, '2'),
    (13, 'CDZ1_UTA-29_Humidifier', NULL, 'CDZ1_UTA-29_Humidifier', NULL, 9, 21, NULL, '2'),
    (14, 'CDZ1_UTA-29_PreHeat', NULL, 'CDZ1_UTA-29_PreHeat', NULL, 1, 25, NULL, '2'),
    (15, 'CDZ3_UTA-01_Cool', NULL, 'CDZ3_UTA-01_Cool', NULL, 1, 25, NULL, '2'),
    (16, 'CDZ3_UTA-01_Humidifier', NULL, 'CDZ3_UTA-01_Humidifier', NULL, 1, 21, NULL, '2'),
    (17, 'CDZ3_UTA-01_PreHeat', NULL, 'CDZ3_UTA-01_PreHeat', NULL, 1, 25, NULL, '2'),
    (18, 'CDZ3_UTA-28_Cool', NULL, 'CDZ3_UTA-28_Cool', NULL, 1, 25, NULL, '2'),
    (19, 'CDZ3_UTA-28_Humidifier', NULL, 'CDZ3_UTA-28_Humidifier', NULL, 1, 21, NULL, '2'),
    (20, 'CDZ3_UTA-28_PreHeat', NULL, 'CDZ3_UTA-28_PreHeat', NULL, 1, 25, NULL, '2'),
    (21, 'CDZ3_UTA-28_PostHeat', NULL, 'CDZ3_UTA-28_PostHeat', NULL, 1, 25, NULL, '2'),
    (22, 'CDZ3_UTA-33_Cool', NULL, 'CDZ3_UTA-33_Cool', NULL, 1, 25, NULL, '2'),
    (23, 'CDZ3_UTA-33_Humidifier', NULL, 'CDZ3_UTA-33_Humidifier', NULL, 9, 21, NULL, '2'),
    (24, 'CDZ3_UTA-33_PreHeat', NULL, 'CDZ3_UTA-33_PreHeat', NULL, 1, 25, NULL, '2'),
    (25, 'CDZ6_UTA-03_Cool', NULL, 'CDZ6_UTA-03_Cool', NULL, 1, 25, NULL, '2'),
    (26, 'CDZ6_UTA-03_Humidifier', NULL, 'CDZ6_UTA-03_Humidifier', NULL, 1, 21, NULL, '2'),
	(27, 'CDZ6_UTA-03_PreHeat', NULL, 'CDZ6_UTA-03_PreHeat', NULL, 1, 25, NULL, '2'),
	(28, 'CDZ6_UTA-03_PostHeat', NULL, 'CDZ6_UTA-03_PostHeat', NULL, 1, 25, NULL, '2'),
    (29, 'CDZ6_UTA-32_Cool', NULL, 'CDZ6_UTA-32_Cool', NULL, 1, 25, NULL, '2'),
    (30, 'CDZ6_UTA-32_Humidifier', NULL, 'CDZ6_UTA-32_Humidifier', NULL, 1, 21, NULL, '2'),
    (31, 'CDZ6_UTA-32_PreHeat', NULL, 'CDZ6_UTA-32_PreHeat', NULL, 1, 25, NULL, '2'),
    (32, 'TAC_UTA-42_Cool', NULL, 'TAC_UTA-42_Cool', NULL, 1, 25, NULL, '2'),
    (33, 'TAC_UTA-42_Humidifier', NULL, 'TAC_UTA-42_Humidifier', NULL, 1, 21, NULL, '2'),
    (34, 'TAC_UTA-42_PreHeat', NULL, 'TAC_UTA-42_PreHeat', NULL, 1, 25, NULL, '2'),
    (35, 'TAC_UTA-42_PostHeat', NULL, 'TAC_UTA-42_PostHeat', NULL, 1, 25, NULL, '2');

INSERT INTO measurement(
    id, name, sensor_name, domain, direction, measurement_type_id, asset_id, sensor_id, label,
    asset_category_id, energy_island_asset_id, uuid)
    VALUES (2000, 'heat', 'energy_meter', 'heat', 'in', 8, 4, 'Iceberg heat', NULL, NULL, NULL, '2'),
    (2001, 'electricity', 'energy_meter', 'heat', 'in', 8, 5, 'Iceberg electricity', NULL, NULL, NULL, '2'),
    (2002, 'heat_cool', 'energy_meter', 'heat', 'in', 8, 6, 'CDZ1_UTA-02_Cool', NULL, NULL, NULL, '2'),
    (2003, 'heat_humidifier', 'energy_meter', 'heat', 'in', 8, 7, 'CDZ1_UTA-02_Humidifier', NULL, NULL, NULL, '2'),
    (2004, 'heat_preheat', 'energy_meter', 'heat', 'in', 8, 8, 'CDZ1_UTA-02_PreHeat', NULL, NULL, NULL, '2'),
    (2005, 'heat_cool', 'energy_meter', 'heat', 'in', 8, 9, 'CDZ1_UTA-05_Cool', NULL, NULL, NULL, '2'),
    (2006, 'heat_humidifier', 'energy_meter', 'heat', 'in', 8, 10, 'CDZ1_UTA-05_Humidifier', NULL, NULL, NULL, '2'),
    (2007, 'heat_preheat', 'energy_meter', 'heat', 'in', 8, 11, 'CDZ1_UTA-05_PreHeat', NULL, NULL, NULL, '2'),
    (2008, 'heat_cool', 'energy_meter', 'heat', 'in', 8, 12, 'CDZ1_UTA-29_Cool', NULL, NULL, NULL, '2'),
    (2009, 'heat_humidifier', 'energy_meter', 'heat', 'in', 8, 13, 'CDZ1_UTA-29_Humidifier', NULL, NULL, NULL, '2'),
    (2010, 'heat_preheat', 'energy_meter', 'heat', 'in', 8, 14, 'CDZ1_UTA-29_PreHeat', NULL, NULL, NULL, '2'),
    (2011, 'heat_cool', 'energy_meter', 'heat', 'in', 8, 15, 'CDZ3_UTA-01_Cool', NULL, NULL, NULL, '2'),
    (2012, 'heat_humidifier', 'energy_meter', 'heat', 'in', 8, 16, 'CDZ3_UTA-01_Humidifier', NULL, NULL, NULL, '2'),
    (2013, 'heat_preheat', 'energy_meter', 'heat', 'in', 8, 17, 'CDZ3_UTA-01_PreHeat', NULL, NULL, NULL, '2'),
    (2014, 'heat_cool', 'energy_meter', 'heat', 'in', 8, 18, 'CDZ3_UTA-28_Cool', NULL, NULL, NULL, '2'),
    (2015, 'heat_humidifier', 'energy_meter', 'heat', 'in', 8, 19, 'CDZ3_UTA-28_Humidifier', NULL, NULL, NULL, '2'),
    (2016, 'heat_preheat', 'energy_meter', 'heat', 'in', 8, 20, 'CDZ3_UTA-28_PreHeat', NULL, NULL, NULL, '2'),
    (2017, 'heat_postheat', 'energy_meter', 'heat', 'in', 8, 21, 'CDZ3_UTA-28_PostHeat', NULL, NULL, NULL, '2'),
    (2018, 'heat_cool', 'energy_meter', 'heat', 'in', 8, 22, 'CDZ3_UTA-33_Cool', NULL, NULL, NULL, '2'),
    (2019, 'heat_humidifier', 'energy_meter', 'heat', 'in', 8, 23, 'CDZ3_UTA-33_Humidifier', NULL, NULL, NULL, '2'),
    (2020, 'heat_preheat', 'energy_meter', 'heat', 'in', 8, 24, 'CDZ3_UTA-33_PreHeat', NULL, NULL, NULL, '2'),
    (2021, 'heat_cool', 'energy_meter', 'heat', 'in', 8, 25, 'CDZ6_UTA-03_Cool', NULL, NULL, NULL, '2'),
    (2022, 'heat_humidifier', 'energy_meter', 'heat', 'in', 8, 26, 'CDZ6_UTA-03_Humidifier', NULL, NULL, NULL, '2'),
    (2023, 'heat_preheat', 'energy_meter', 'heat', 'in', 8, 27, 'CDZ6_UTA-03_PreHeat', NULL, NULL, NULL, '2'),
    (2024, 'heat_postheat', 'energy_meter', 'heat', 'in', 8, 28, 'CDZ6_UTA-03_PostHeat', NULL, NULL, NULL, '2'),
    (2025, 'heat_cool', 'energy_meter', 'heat', 'in', 8, 29, 'CDZ6_UTA-32_Cool', NULL, NULL, NULL, '2'),
    (2026, 'heat_humidifier', 'energy_meter', 'heat', 'in', 8, 30, 'CDZ6_UTA-32_Humidifier', NULL, NULL, NULL, '2'),
    (2027, 'heat_preheat', 'energy_meter', 'heat', 'in', 8, 31, 'CDZ6_UTA-32_PreHeat', NULL, NULL, NULL, '2'),
    (2028, 'heat_cool', 'energy_meter', 'heat', 'in', 8, 32, 'TAC_UTA-42_Cool', NULL, NULL, NULL, '2'),
    (2029, 'heat_humidifier', 'energy_meter', 'heat', 'in', 8, 33, 'TAC_UTA-42_Humidifier', NULL, NULL, NULL, '2'),
    (2030, 'heat_preheat', 'energy_meter', 'heat', 'in', 8, 34, 'TAC_UTA-42_PreHeat', NULL, NULL, NULL, '2'),
    (2031, 'heat_postheat', 'energy_meter', 'heat', 'in', 8, 35, 'TAC_UTA-42_PostHeat', NULL, NULL, NULL, '2');

INSERT INTO measurement_details(
    id, measurement_id, key, value)
    VALUES (2000, 2000, 'cumulative', 'true'),
    (2001, 2001, 'cumulative', 'true'),
    (2002, 2002, 'cumulative', 'true'),
    (2003, 2003, 'cumulative', 'true'),
    (2004, 2004, 'cumulative', 'true'),
    (2005, 2005, 'cumulative', 'true'),
    (2006, 2006, 'cumulative', 'true'),
    (2007, 2007, 'cumulative', 'true'),
    (2008, 2008, 'cumulative', 'true'),
    (2009, 2009, 'cumulative', 'true'),
    (2010, 2010, 'cumulative', 'true'),
    (2011, 2011, 'cumulative', 'true'),
    (2012, 2012, 'cumulative', 'true'),
    (2013, 2013, 'cumulative', 'true'),
    (2014, 2014, 'cumulative', 'true'),
    (2015, 2015, 'cumulative', 'true'),
    (2016, 2016, 'cumulative', 'true'),
    (2017, 2017, 'cumulative', 'true'),
    (2018, 2018, 'cumulative', 'true'),
    (2019, 2019, 'cumulative', 'true'),
    (2020, 2020, 'cumulative', 'true'),
    (2021, 2021, 'cumulative', 'true'),
    (2022, 2022, 'cumulative', 'true'),
    (2023, 2023, 'cumulative', 'true'),
    (2024, 2024, 'cumulative', 'true'),
    (2025, 2025, 'cumulative', 'true'),
    (2026, 2026, 'cumulative', 'true'),
    (2027, 2027, 'cumulative', 'true'),
    (2028, 2028, 'cumulative', 'true'),
    (2029, 2029, 'cumulative', 'true'),
    (2030, 2030, 'cumulative', 'true'),
    (2031, 2031, 'cumulative', 'true');

INSERT INTO tags(
    id, key, value)
    VALUES (1000, 'type_data', 'real');
    
INSERT INTO measurement_tags(
    tag_id, measurement_id)
    VALUES (1000, 2000),
    (1000, 2001),
    (1000, 2002),
    (1000, 2003),
    (1000, 2004),
    (1000, 2005),
    (1000, 2006),
    (1000, 2017),
    (1000, 2018),
    (1000, 2019),
    (1000, 2010),
    (1000, 2011),
    (1000, 2012),
    (1000, 2013),
    (1000, 2014),
    (1000, 2015),
    (1000, 2016),
    (1000, 2017),
    (1000, 2018),
    (1000, 2019),
    (1000, 2020),
    (1000, 2021),
    (1000, 2022),
    (1000, 2023),
    (1000, 2024),
    (1000, 2025),
    (1000, 2026),
    (1000, 2027),
    (1000, 2028),
    (1000, 2029),
    (1000, 2030),
    (1000, 2031);
