INSERT INTO asset_type(id, label, name)
	VALUES (1, 'Room', 'room'),
	(3, 'Building', 'building'),
	(20, 'Office', 'office'),
	(21, 'HVAC', 'hvac'),
	(22, 'Supercomputer', 'supercomputer'),
	(23, 'datacenter', 'datacenter'),
	(27, 'Garden', 'garden');

INSERT INTO asset(
	id, name, geo_location, label, asset_category_id, parent_asset_id, asset_type_id, user_id, uuid)
	VALUES (1, 'psnc', NULL, 'PSNC', NULL, NULL, 3, NULL, 1),
	(2, 'datacenter', NULL, 'PSNC data center', NULL, 1, 23, NULL, 1),
	(3, 'office', NULL, 'PSNC office', NULL, 1, 20, NULL, 1),
	(4, 'hvac', NULL, 'PSNC HVAC systems', NULL, 3, 21, NULL, 1),
	(5, 'office_without_hvac', NULL, 'PSNC office without HVAC systems', NULL, 3, 20, NULL, 1),
	(6, 'altair', NULL, 'Altair', NULL, 2, 22, NULL, 1),
	(7, 'psnc_garden', NULL, 'PSNC garden', NULL, 1, 27, NULL, 1);
	
INSERT INTO measurement_type(
	id, base_unit, color, factor, label, name, physical_name, unit)
	VALUES (1, 'W', '#4CAF50', 1, 'Power [W]', 'power_w', 'power', 'W'),
	(4, '°C', '#4CAF50', 1, 'Temperature [°C]', 'temperature', 'temperature', '°C'),
	(5, '%', '#4CAF50', 1, 'Ratio [%]', 'percentage', 'percentage', '%'),
	(6, 'W', '#4CAF50', 1000, 'Power [kW]','power_kw', 'power', 'kW'),
	(8, 'Wh', '#4CAF50', 1000, 'Energy [kWh]', 'energy_kwh', 'energy', 'kWh'),
	(24, 'Wh', '#4CAF50', 277778, 'Energy [GJ]', 'energy_gj', 'energy', 'GJ'),
	(25, 'kg', '#4CAF50', 1, 'Mass [kg]', 'mass_kg', 'mass', 'kg');

INSERT INTO measurement(
	id, name, sensor_name, domain, direction, measurement_type_id, asset_id, sensor_id, label,
	asset_category_id, energy_island_asset_id, uuid)
	VALUES (2000, 'energy_consumed', 'energy_meter', 'electricity', 'in', 8, 4, NULL, NULL, NULL, NULL, 1),
	(2001, 'energy_consumed', 'energy_meter', 'electricity', 'in', 8, 4, NULL, NULL, NULL, NULL, 1),
	(2002, 'energy_consumed', 'energy_meter', 'electricity', 'in', 8, 5, NULL, NULL, NULL, NULL, 1),
	(2003, 'energy_consumed', 'energy_meter', 'electricity', 'in', 8, 5, NULL, NULL, NULL, NULL, 1),
	(2004, 'energy_consumed', 'energy_meter', 'electricity', 'in', 8, 3, NULL, NULL, NULL, NULL, 1),
	(2005, 'energy_consumed', 'energy_meter', 'electricity', 'in', 8, 3, NULL, NULL, NULL, NULL, 1),
	(2006, 'energy_consumed', 'energy_meter', 'electricity', 'in', 8, 2, NULL, NULL, NULL, NULL, 1),
	(2007, 'energy_consumed', 'energy_meter', 'electricity', 'in', 8, 2, NULL, NULL, NULL, NULL, 1),
	(2008, 'current_power', 'energy_meter', 'electricity', 'in', 6, 4, NULL, NULL, NULL, NULL, 1),
	(2009, 'current_power', 'energy_meter', 'electricity', 'in', 6, 4, NULL, NULL, NULL, NULL, 1),
	(2010, 'current_power', 'energy_meter', 'electricity', 'in', 6, 5, NULL, NULL, NULL, NULL, 1),
	(2011, 'current_power', 'energy_meter', 'electricity', 'in', 6, 5, NULL, NULL, NULL, NULL, 1),
	(2012, 'current_power', 'energy_meter', 'electricity', 'in', 6, 3, NULL, NULL, NULL, NULL, 1),
	(2013, 'current_power', 'energy_meter', 'electricity', 'in', 6, 3, NULL, NULL, NULL, NULL, 1),
	(2014, 'current_power', 'energy_meter', 'electricity', 'in', 6, 2, NULL, NULL, NULL, NULL, 1),
	(2015, 'current_power', 'energy_meter', 'electricity', 'in', 6, 2, NULL, NULL, NULL, NULL, 1),
	(2016, 'current_power', 'energy_meter', 'electricity', 'in', 6, 6, NULL, NULL, NULL, NULL, 1),
	(2017, 'current_power', 'energy_meter', 'electricity', 'in', 6, 6, NULL, NULL, NULL, NULL, 1),
	(2018, 'current_power', 'energy_meter', 'electricity', 'in', 6, 1, NULL, NULL, NULL, NULL, 1),
	(2019, 'current_power', 'energy_meter', 'electricity', 'in', 6, 1, NULL, NULL, NULL, NULL, 1),
	(2020, 'power', 'pv', 'electricity', 'out', 1, 3, 'Inv1', NULL, NULL, NULL, 1),
	(2021, 'power', 'pv', 'electricity', 'out', 1, 3, 'Inv2', NULL, NULL, NULL, 1),
	(2022, 'power', 'pv', 'electricity', 'out', 1, 3, 'Inv4', NULL, NULL, NULL, 1),
	(2023, 'power', 'pv', 'electricity', 'out', 1, 3, 'Inv5', NULL, NULL, NULL, 1),
	(2024, 'power', 'pv', 'electricity', 'out', 1, 3, 'all_inverters', NULL, NULL, NULL, 1),
	(2025, 'temperature.2m', 'weather', NULL, NULL, 4, 7, NULL, NULL, NULL, NULL, 1),
	(2026, 'heat_used', 'heat_meter', 'heat', 'in', 24, 3, NULL, NULL, NULL, NULL, 1),
	(2027, 'heat_generated', 'heat_meter', 'heat', 'out', 24, 2, NULL, NULL, NULL, NULL, 1),
	(2028, 'relative_to_weekly_average', 'report', 'electricity', 'in', 5, 1, NULL, NULL, NULL, NULL, 1),
	(2029, 'relative_to_monthly_average', 'report', 'electricity', 'in', 5, 1, NULL, NULL, NULL, NULL, 1),
	(2030, 'co2_reduction', 'report', NULL, NULL, 25, 1, NULL, NULL, NULL, NULL, 1),
	(2031, 'energy_produced', 'pv', 'electricity', 'out', 8, 3, 'all_inverters', NULL, NULL, NULL, 1),
	(2032, 'heat_lost', 'heat_meter', 'heat', 'out', 24, 2, NULL, NULL, NULL, NULL, 1);
	
INSERT INTO tags(
	id, key, value)
	VALUES (1000, 'type_data', 'real'),
	(1001, 'interpolation_method', 'none'),
	(1002, 'interpolation_method', 'spline'),
	(1003, 'interpolation_method', 'spline_and_value_repetition');
	
INSERT INTO measurement_tags(
	tag_id, measurement_id)
	VALUES (1000, 2000),
	(1000, 2001),
	(1000, 2002),
	(1000, 2003),
	(1000, 2004),
	(1000, 2005),
	(1000, 2006),
	(1000, 2007),
	(1000, 2008),
	(1000, 2009),
	(1000, 2010),
	(1000, 2011),
	(1000, 2012),
	(1000, 2013),
	(1000, 2014),
	(1000, 2015),
	(1000, 2016),
	(1000, 2017),
	(1000, 2018),
	(1000, 2019),
	(1000, 2020),
	(1000, 2021),
	(1000, 2022),
	(1000, 2023),
	(1000, 2024),
	(1000, 2025),
	(1000, 2026),
	(1000, 2027),
	(1000, 2028),
	(1000, 2029),
	(1000, 2030),
	(1000, 2031),
	(1000, 2032),
	(1001, 2000),
	(1002, 2001),
	(1001, 2002),
	(1002, 2003),
	(1001, 2004),
	(1002, 2005),
	(1001, 2006),
	(1002, 2007),
	(1001, 2008),
	(1003, 2009),
	(1001, 2010),
	(1003, 2011),
	(1001, 2012),
	(1003, 2013),
	(1001, 2014),
	(1003, 2015),
	(1001, 2016),
	(1002, 2017),
	(1001, 2018),
	(1002, 2019),
	(1001, 2020),
	(1001, 2021),
	(1001, 2022),
	(1001, 2023),
	(1001, 2024),
	(1001, 2025),
	(1001, 2026),
	(1001, 2027),
	(1001, 2031),
	(1001, 2032);
