/* USERS CONFIGURATION */
INSERT INTO uuid VALUES ('2');
INSERT INTO users ( id, keycloak_id, uuid ) VALUES
( 10, '81ef41c5-2c18-483c-8b2b-7b7c66c17835', '2' );

INSERT INTO asset ( id, name, label, asset_type_id, user_id, uuid, asset_category_id ) VALUES
( 10, 'ren-admin', 'RENergetic Administratos', 18, 10, '2', NULL );

/* PILOT CONFIGURATION */
INSERT INTO asset(
    id, name, geo_location, label, asset_category_id, parent_asset_id, asset_type_id, user_id, uuid)
    VALUES (1, 'psnc', NULL, 'PSNC', NULL, 8, 3, NULL, '2'),
    (2, 'datacenter', NULL, 'PSNC data center', NULL, 1, 23, NULL, '2'),
    (3, 'office', NULL, 'PSNC office', NULL, 1, 20, NULL, '2'),
    (4, 'hvac', NULL, 'PSNC HVAC systems', NULL, 3, 21, NULL, '2'),
    (5, 'office_without_hvac', NULL, 'PSNC office without HVAC systems', NULL, 3, 20, NULL, '2'),
    (6, 'altair', NULL, 'Altair', NULL, 2, 22, NULL, '2'),
    (7, 'psnc_garden', NULL, 'PSNC garden', NULL, 1, 27, NULL, '2'),
    (8, 'energy_island', NULL, 'Energy Island', NULL, NULL, 4, NULL, '2'),
    (9, 'PUT', NULL, 'PUT', NULL, 8, 3, NULL, '2'),
    (11, 'PPCH', NULL, 'PPCH PUT building', NULL, 9, 3, NULL, '2'),
    (12, 'CWPP', NULL, 'CWPP PUT building', NULL, 9, 3, NULL, '2'),
    (13, 'DS1', NULL, 'DS1 PUT building', NULL, 9, 3, NULL, '2'),
    (14, 'DS2', NULL, 'DS2 PUT building', NULL, 9, 3, NULL, '2'),
    (15, 'DS3', NULL, 'DS3 PUT building', NULL, 9, 3, NULL, '2'),
    (16, 'DS4', NULL, 'DS4 PUT building', NULL, 9, 3, NULL, '2'),
    (17, 'DS5', NULL, 'DS5 PUT building', NULL, 9, 3, NULL, '2'),
    (18, 'DS6', NULL, 'DS6 PUT building', NULL, 9, 3, NULL, '2'),
    (19, 'PPHS', NULL, 'PPHS PUT building', NULL, 9, 3, NULL, '2'),
    (20, 'WBIS', NULL, 'WBIS PUT building', NULL, 9, 3, NULL, '2'),
    (21, 'LPP', NULL, 'LPP PUT building', NULL, 9, 3, NULL, '2'),
    (22, 'WBMIZ', NULL, 'WBMIZ PUT building', NULL, 9, 3, NULL, '2'),
    (23, 'WE', NULL, 'WE PUT building', NULL, 9, 3, NULL, '2'),
    (24, 'CMBIN', NULL, 'CMBIN PUT building', NULL, 9, 3, NULL, '2'),
    (25, 'put_offices', NULL, 'PUT offices', NULL, 9, 20, NULL, '2'),
	(26, 'dormitories', NULL, 'PUT dormitories', NULL, 9, 3, NULL, '2'),
	(27, 'heat_pumps_ppch', NULL, 'PPCH heat pumps', NULL, 11, 6, NULL, '2'),
    (31, 'heat_reuse_water_loop', NULL, 'Heat reuse water loop', NULL, 8, 24, NULL, '2');

INSERT INTO measurement(
    id, name, sensor_name, domain, direction, measurement_type_id, asset_id, sensor_id, label,
    asset_category_id, energy_island_asset_id, uuid)
    VALUES (2000, 'energy_consumed', 'energy_meter', 'electricity', 'in', 8, 4, NULL, NULL, NULL, NULL, '2'),
    (2002, 'energy_consumed', 'energy_meter', 'electricity', 'in', 8, 5, NULL, NULL, NULL, NULL, '2'),
    (2004, 'energy_consumed', 'energy_meter', 'electricity', 'in', 8, 3, NULL, NULL, NULL, NULL, '2'),
    (2006, 'energy_consumed', 'energy_meter', 'electricity', 'in', 8, 2, NULL, NULL, NULL, NULL, '2'),
    (2007, 'energy_consumed', 'energy_meter', 'electricity', 'in', 8, 2, NULL, NULL, NULL, NULL, '2'),
    (2008, 'current_power', 'energy_meter', 'electricity', 'in', 6, 4, NULL, NULL, NULL, NULL, '2'),
    (2009, 'current_power', 'energy_meter', 'electricity', 'in', 6, 4, NULL, NULL, NULL, NULL, '2'),
    (2010, 'current_power', 'energy_meter', 'electricity', 'in', 6, 5, NULL, NULL, NULL, NULL, '2'),
    (2011, 'current_power', 'energy_meter', 'electricity', 'in', 6, 5, NULL, NULL, NULL, NULL, '2'),
    (2012, 'current_power', 'energy_meter', 'electricity', 'in', 6, 3, NULL, NULL, NULL, NULL, '2'),
    (2013, 'current_power', 'energy_meter', 'electricity', 'in', 6, 3, NULL, NULL, NULL, NULL, '2'),
    (2014, 'current_power', 'energy_meter', 'electricity', 'in', 6, 2, NULL, NULL, NULL, NULL, '2'),
    (2015, 'current_power', 'energy_meter', 'electricity', 'in', 6, 2, NULL, NULL, NULL, NULL, '2'),
    (2016, 'current_power', 'energy_meter', 'electricity', 'in', 6, 6, NULL, NULL, NULL, NULL, '2'),
    (2017, 'current_power', 'energy_meter', 'electricity', 'in', 6, 6, NULL, NULL, NULL, NULL, '2'),
    (2018, 'current_power', 'energy_meter', 'electricity', 'in', 6, 1, NULL, NULL, NULL, NULL, '2'),
    (2019, 'current_power', 'energy_meter', 'electricity', 'in', 6, 1, NULL, NULL, NULL, NULL, '2'),
    (2020, 'power', 'pv', 'electricity', 'out', 1, 3, 'Inv1', NULL, NULL, NULL, '2'),
    (2021, 'power', 'pv', 'electricity', 'out', 1, 3, 'Inv2', NULL, NULL, NULL, '2'),
    (2022, 'power', 'pv', 'electricity', 'out', 1, 3, 'Inv4', NULL, NULL, NULL, '2'),
    (2023, 'power', 'pv', 'electricity', 'out', 1, 3, 'Inv5', NULL, NULL, NULL, '2'),
    (2024, 'power', 'pv', 'electricity', 'out', 1, 3, 'all_inverters', NULL, NULL, NULL, '2'),
    (2025, 'temperature.2m', 'weather', NULL, NULL, 4, 7, NULL, NULL, NULL, NULL, '2'),
    (2026, 'heat_used', 'heat_meter', 'heat', 'in', 17, 3, NULL, NULL, NULL, NULL, '2'),
    (2027, 'heat_generated', 'heat_meter', 'heat', 'out', 17, 2, NULL, NULL, NULL, NULL, '2'),
    (2028, 'relative_to_weekly_average', 'report', 'electricity', 'in', 5, 1, NULL, NULL, NULL, NULL, '2'),
    (2029, 'relative_to_monthly_average', 'report', 'electricity', 'in', 5, 1, NULL, NULL, NULL, NULL, '2'),
    (2030, 'co2_reduction', 'report', NULL, NULL, 18, 1, NULL, NULL, NULL, NULL, '2'),
    (2031, 'energy_produced', 'pv', 'electricity', 'out', 8, 3, 'all_inverters', NULL, NULL, NULL, '2'),
    (2032, 'heat_lost', 'heat_meter', 'heat', 'out', 17, 2, NULL, NULL, NULL, NULL, '2'),
    (2033, 'current_power', 'heat_meter', 'heat', 'in', 6, 3, NULL, NULL, NULL, NULL, '2'),
    (2034, 'energy_consumed', 'energy_meter', 'electricity', 'in', 8, 1, NULL, NULL, NULL, NULL, '2'),
    (2036, 'energy_consumed', 'energy_meter', 'electricity', 'in', 8, 6, NULL, NULL, NULL, NULL, '2'),
	(2037, 'heat_generated_power', 'heat_meter', 'heat', 'out', 6, 2, NULL, NULL, NULL, NULL, '2'),
	(2038, 'heat_lost_power', 'heat_meter', 'heat', 'out', 6, 2, NULL, NULL, NULL, NULL, '2'),
    (2039, 'solarRadiation', 'weather', NULL, NULL, 23, 7, NULL, NULL, NULL, NULL, '2'),
    (2040, 'soilMoisture.-0.1m', 'weather', NULL, NULL, 28, 7, NULL, NULL, NULL, NULL, '2'),
    (2041, 'soilMoisture.-0.2m', 'weather', NULL, NULL, 28, 7, NULL, NULL, NULL, NULL, '2'),
    (2042, 'soilMoisture.-0.3m', 'weather', NULL, NULL, 28, 7, NULL, NULL, NULL, NULL, '2'),
    (2043, 'soilMoisture.-0.4m', 'weather', NULL, NULL, 28, 7, NULL, NULL, NULL, NULL, '2'),
    (2044, 'humidity', 'weather', NULL, NULL, 22, 7, NULL, NULL, NULL, NULL, '2'),
    (2045, 'pressure', 'weather', NULL, NULL, 27, 7, NULL, NULL, NULL, NULL, '2'),
    (2046, 'precipitation', 'weather', NULL, NULL, 26, 7, NULL, NULL, NULL, NULL, '2'),
    (2047, 'dewpoint', 'weather', NULL, NULL, 4, 7, NULL, NULL, NULL, NULL, '2'),
    (2048, 'WindSpeed_ms', 'weather', NULL, NULL, 24, 7, NULL, NULL, NULL, NULL, '2'),
    (2049, 'WindDirection', 'weather', NULL, NULL, 25, 7, NULL, NULL, NULL, NULL, '2'),
    (2050, 'cdu_status_primary_flow_rate', 'cooling_circuits', null, null, 32, 6, NULL, NULL, NULL, NULL, '2'),
    (2051, 'coolant_temperature', 'DCWorms', 'heat', 'out', 4, 2, NULL, NULL, NULL, NULL, '2'),
    (2052, 'heat_demand', 'TRNSYS', 'heat', 'in', 6, 31, 'Q_pp', 'PUT heat demand', NULL, NULL, '2'),
    (2053, 'accumulated_heat', 'TRNSYS', 'heat', 'in', 8, 31, 'Q_acc', 'Heat accumulated from the heat pump', NULL, NULL, '2'),
    (2054, 'heat', 'TRNSYS', 'heat', 'in', 6, 31, 'Q_hp_l', 'Heat consumed from the lower heat source', NULL, NULL, '2'),
    (2055, 'heat', 'TRNSYS', 'heat', 'out', 6, 31, 'Q_hp_u', 'Heat released in the upper heat source', NULL, NULL, '2'),
    (2056, 'power', 'TRNSYS', 'electricity', 'in', 6, 31, 'Q_hp_p', 'Heat pump electricity consumption', NULL, NULL, '2'),
    (2057, 'power', 'TRNSYS', 'electricity', 'in', 6, 31, 'Q_psnc_p', 'Data center electricity consumption', NULL, NULL, '2'),
    (2058, 'power', 'TRNSYS', 'heat', 'in', 6, 31, 'Q_Veolia', 'Heat from Veolia', NULL, NULL, '2'),
    (2300, 'cumulated_heat_veolia', 'heat_meter', 'heat', 'in', 17, 24, 'CM_Heat_Veolia_CumEg', NULL, NULL, NULL, '2'),
    (2301, 'cumulated_heat_veolia', 'heat_meter', 'heat', 'in', 17, 12, 'CWBT_Heat_Veolia_CumEg', NULL, NULL, NULL, '2'),
    (2302, 'cumulated_heat_veolia', 'heat_meter', 'heat', 'in', 17, 11, 'CDWTCh_Heat_Veolia_CumEg', NULL, NULL, NULL, '2'),
    (2303, 'cumulated_heat_veolia', 'heat_meter', 'heat', 'in', 17, 13, 'DS1_Heat_Veolia_CumEg', NULL, NULL, NULL, '2'),
    (2304, 'cumulated_heat_veolia', 'heat_meter', 'heat', 'in', 17, 14, 'DS2_Heat_Veolia_CumEg', NULL, NULL, NULL, '2'),
    (2305, 'cumulated_heat_veolia', 'heat_meter', 'heat', 'in', 17, 15, 'DS3_Heat_Veolia_CumEg', NULL, NULL, NULL, '2'),
    (2306, 'cumulated_heat_veolia', 'heat_meter', 'heat', 'in', 17, 16, 'DS4_Heat_Veolia_CumEg', NULL, NULL, NULL, '2'),
    (2307, 'cumulated_heat_veolia', 'heat_meter', 'heat', 'in', 17, 17, 'DS5_Heat_Veolia_CumEg', NULL, NULL, NULL, '2'),
    (2308, 'cumulated_heat_veolia', 'heat_meter', 'heat', 'in', 17, 18, 'DS6_Heat_Veolia_CumEg', NULL, NULL, NULL, '2'),
    (2309, 'cumulated_heat_veolia', 'heat_meter', 'heat', 'in', 17, 20, 'WBIS_Heat_Veolia_CumEg', NULL, NULL, NULL, '2'),
    (2310, 'cumulated_heat_veolia', 'heat_meter', 'heat', 'in', 17, 22, 'WBMIZ_Heat_Veolia_CumEg', NULL, NULL, NULL, '2'),
    (2311, 'cumulated_heat_veolia', 'heat_meter', 'heat', 'in', 17, 23, 'WE_Heat_Veolia_CumEg', NULL, NULL, NULL, '2'),
    (2312, 'cumulated_heat_veolia', 'heat_meter', 'heat', 'in', 17, 21, 'LPP_Heat_Veolia_CumEg', NULL, NULL, NULL, '2'),
    (2313, 'cumulated_heat_veolia', 'heat_meter', 'heat', 'in', 17, 9, 'PUT_Heat_Veolia_CumEg', NULL, NULL, NULL, '2'),
    (2314, 'power_heat_veolia', 'heat_meter', 'heat', 'in', 30, 24, 'CM_Heat_Veolia_Power', NULL, NULL, NULL, '2'),
    (2315, 'power_heat_veolia', 'heat_meter', 'heat', 'in', 30, 12, 'CWBT_Heat_Veolia_Power', NULL, NULL, NULL, '2'),
    (2316, 'power_heat_veolia', 'heat_meter', 'heat', 'in', 30, 11, 'CDWTCh_Heat_Veolia_Power', NULL, NULL, NULL, '2'),
    (2317, 'power_heat_veolia', 'heat_meter', 'heat', 'in', 30, 13, 'DS1_Heat_Veolia_Power', NULL, NULL, NULL, '2'),
    (2318, 'power_heat_veolia', 'heat_meter', 'heat', 'in', 30, 14, 'DS2_Heat_Veolia_Power', NULL, NULL, NULL, '2'),
    (2319, 'power_heat_veolia', 'heat_meter', 'heat', 'in', 30, 15, 'DS3_Heat_Veolia_Power', NULL, NULL, NULL, '2'),
    (2320, 'power_heat_veolia', 'heat_meter', 'heat', 'in', 30, 16, 'DS4_Heat_Veolia_Power', NULL, NULL, NULL, '2'),
    (2321, 'power_heat_veolia', 'heat_meter', 'heat', 'in', 30, 17, 'DS5_Heat_Veolia_Power', NULL, NULL, NULL, '2'),
    (2322, 'power_heat_veolia', 'heat_meter', 'heat', 'in', 30, 18, 'DS6_Heat_Veolia_Power', NULL, NULL, NULL, '2'),
    (2323, 'power_heat_veolia', 'heat_meter', 'heat', 'in', 30, 20, 'WBIS_Heat_Veolia_Power', NULL, NULL, NULL, '2'),
    (2324, 'power_heat_veolia', 'heat_meter', 'heat', 'in', 30, 22, 'WBMIZ_Heat_Veolia_Power', NULL, NULL, NULL, '2'),
    (2325, 'power_heat_veolia', 'heat_meter', 'heat', 'in', 30, 23, 'WE_Heat_Veolia_Power', NULL, NULL, NULL, '2'),
    (2326, 'power_heat_veolia', 'heat_meter', 'heat', 'in', 30, 21, 'LPP_Heat_Veolia_Power', NULL, NULL, NULL, '2'),
    (2327, 'power_heat_veolia', 'heat_meter', 'heat', 'in', 30, 9, 'PUT_Heat_Veolia_Power', NULL, NULL, NULL, '2'),
    (2328, 'outdoor_humidity', 'weather', NULL, NULL, 22, 11, 'PPCH:MPlt''WeatherSt''HuOa', NULL, NULL, NULL, '2'),
    (2329, 'precipitation', 'weather', NULL, NULL, 26, 11, 'PPCH:MPlt''WeatherSt''Opad', NULL, NULL, NULL, '2'),
    (2330, 'solar_radiation', 'weather', NULL, NULL, 23, 11, 'PPCH:MPlt''WeatherSt''SunOper', NULL, NULL, NULL, '2'),
    (2331, 'outdoor_temperature', 'weather', NULL, NULL, 4, 11, 'PPCH:MPlt''WeatherSt''TOa', NULL, NULL, NULL, '2'),
    (2332, 'wind_speed', 'weather', NULL, NULL, 31, 11, 'PPCH:MPlt''WeatherSt''WindVel', NULL, NULL, NULL, '2'),
    (2333, 'outdoor_humidity', 'weather', NULL, NULL, 22, 19, 'PPHS:MPlt''WeatherSt''HuOa', NULL, NULL, NULL, '2'),
    (2334, 'precipitation', 'weather', NULL, NULL, 26, 19, 'PPHS:MPlt''WeatherSt''Opad', NULL, NULL, NULL, '2'),
    (2335, 'solar_radiation', 'weather', NULL, NULL, 23, 19, 'PPHS:MPlt''WeatherSt''SunOper', NULL, NULL, NULL, '2'),
    (2336, 'outdoor_temperature', 'weather', NULL, NULL, 4, 19, 'PPHS:MPlt''WeatherSt''TOa', NULL, NULL, NULL, '2'),
    (2337, 'wind_speed', 'weather', NULL, NULL, 31, 19, 'PPHS:MPlt''WeatherSt''WindVel', NULL, NULL, NULL, '2'),
    (2338, 'outdoor_air_temperature', 'weather', NULL, NULL, 4, 18, 'WCPP:B''DS6''HPlt''CO''TOa', NULL, NULL, NULL, '2'),
    (2339, 'cumulated_energy_of_cooling', 'heat_meter', 'heat', 'out', 17, 11, 'PPCH_LHS', NULL, NULL, NULL, '2'),
    (2340, 'cumulated_energy_of_heating', 'heat_meter', 'heat', 'out', 17, 11, 'PPCH_LHS', NULL, NULL, NULL, '2'),
    (2341, 'cumulated_energy', 'heat_meter', 'heat', 'out', 17, 27, 'PPCH:TPlt''SZSPC''ISP''Licz''ObCTodPC''CumEg', NULL, NULL, NULL, '2'),
    (2342, 'cumulated_energy', 'heat_meter', 'heat', 'in', 17, 9, 'PUT_Heat_Load_CumEg', NULL, NULL, NULL, '2'),
    (2343, 'cumulated_energy', 'heat_meter', 'heat', 'in', 17, 25, 'PUT_Offices_Heat_Load_CumEg', NULL, NULL, NULL, '2'),
    (2344, 'cumulated_energy', 'heat_meter', 'heat', 'in', 17, 26, 'Dormitories_Heat_Load_CumEg', NULL, NULL, NULL, '2'),
    (2345, 'cooling_power', 'heat_meter', 'heat', 'out', 30, 11, 'PPCH_LHS_Power', NULL, NULL, NULL, '2'),
    (2346, 'heating_power', 'heat_meter', 'heat', 'out', 30, 11, 'PPCH_LHS_Power', NULL, NULL, NULL, '2'),
    (2347, 'power', 'heat_meter', 'heat', 'out', 30, 27, 'PPCH:TPlt''SZSPC''ISP''Licz''ObCTodPC''Power', NULL, NULL, NULL, '2'),
    (2348, 'power', 'heat_meter', 'heat', 'in', 30, 9, 'PUT_Heat_Load_Power', NULL, NULL, NULL, '2'),
    (2349, 'power', 'heat_meter', 'heat', 'in', 30, 25, 'PUT_Offices_Heat_Load_Power', NULL, NULL, NULL, '2'),
    (2350, 'power', 'heat_meter', 'heat', 'in', 30, 26, 'Dormitories_Heat_Load_Power', NULL, NULL, NULL, '2'),
    (2351, 'cumulated_heat_dhw', 'heat_meter', 'heat', 'in', 17, 24, 'CM_Heat_DHW_CumEg', NULL, NULL, NULL, '2'),
    (2352, 'cumulated_heat_dhw', 'heat_meter', 'heat', 'in', 17, 11, 'CDWTCh_Heat_DHW_CumEg', NULL, NULL, NULL, '2'),
    (2353, 'cumulated_heat_dhw', 'heat_meter', 'heat', 'in', 17, 13, 'DS1_Heat_DHW_CumEg', NULL, NULL, NULL, '2'),
    (2354, 'cumulated_heat_dhw', 'heat_meter', 'heat', 'in', 17, 14, 'DS2_Heat_DHW_CumEg', NULL, NULL, NULL, '2'),
    (2355, 'cumulated_heat_dhw', 'heat_meter', 'heat', 'in', 17, 15, 'DS3_Heat_DHW_CumEg', NULL, NULL, NULL, '2'),
    (2356, 'cumulated_heat_dhw', 'heat_meter', 'heat', 'in', 17, 16, 'DS4_Heat_DHW_CumEg', NULL, NULL, NULL, '2'),
    (2357, 'cumulated_heat_dhw', 'heat_meter', 'heat', 'in', 17, 17, 'DS5_Heat_DHW_CumEg', NULL, NULL, NULL, '2'),
    (2358, 'cumulated_heat_dhw', 'heat_meter', 'heat', 'in', 17, 18, 'DS6_Heat_DHW_CumEg', NULL, NULL, NULL, '2'),
    (2359, 'cumulated_heat_dhw', 'heat_meter', 'heat', 'in', 17, 20, 'WBIS_Heat_DHW_CumEg', NULL, NULL, NULL, '2'),
    (2360, 'cumulated_heat_dhw', 'heat_meter', 'heat', 'in', 17, 22, 'WBMIZ_Heat_DHW_CumEg', NULL, NULL, NULL, '2'),
    (2361, 'cumulated_heat_dhw', 'heat_meter', 'heat', 'in', 17, 23, 'WE_Heat_DHW_CumEg', NULL, NULL, NULL, '2'),
    (2362, 'cumulated_heat_heating', 'heat_meter', 'heat', 'in', 17, 24, 'CM_Heat_Heating_CumEg', NULL, NULL, NULL, '2'),
    (2363, 'cumulated_heat_heating', 'heat_meter', 'heat', 'in', 17, 11, 'CDWTCh_Heat_Heating_CumEg', NULL, NULL, NULL, '2'),
    (2364, 'cumulated_heat_heating', 'heat_meter', 'heat', 'in', 17, 13, 'DS1_Heat_Heating_CumEg', NULL, NULL, NULL, '2'),
    (2365, 'cumulated_heat_heating', 'heat_meter', 'heat', 'in', 17, 14, 'DS2_Heat_Heating_CumEg', NULL, NULL, NULL, '2'),
    (2366, 'cumulated_heat_heating', 'heat_meter', 'heat', 'in', 17, 15, 'DS3_Heat_Heating_CumEg', NULL, NULL, NULL, '2'),
    (2367, 'cumulated_heat_heating', 'heat_meter', 'heat', 'in', 17, 16, 'DS4_Heat_Heating_CumEg', NULL, NULL, NULL, '2'),
    (2368, 'cumulated_heat_heating', 'heat_meter', 'heat', 'in', 17, 17, 'DS5_Heat_Heating_CumEg', NULL, NULL, NULL, '2'),
    (2369, 'cumulated_heat_heating', 'heat_meter', 'heat', 'in', 17, 18, 'DS6_Heat_Heating_CumEg', NULL, NULL, NULL, '2'),
    (2370, 'cumulated_heat_heating', 'heat_meter', 'heat', 'in', 17, 20, 'WBIS_Heat_Heating_CumEg', NULL, NULL, NULL, '2'),
    (2371, 'cumulated_heat_heating', 'heat_meter', 'heat', 'in', 17, 22, 'WBMIZ_Heat_Heating_CumEg', NULL, NULL, NULL, '2'),
    (2372, 'cumulated_heat_heating', 'heat_meter', 'heat', 'in', 17, 23, 'WE_Heat_Heating_CumEg', NULL, NULL, NULL, '2'),
    (2373, 'power_heat_dhw', 'heat_meter', 'heat', 'in', 30, 24, 'CM_Heat_DHW_Power', NULL, NULL, NULL, '2'),
    (2374, 'power_heat_dhw', 'heat_meter', 'heat', 'in', 30, 11, 'CDWTCh_Heat_DHW_Power', NULL, NULL, NULL, '2'),
    (2375, 'power_heat_dhw', 'heat_meter', 'heat', 'in', 30, 13, 'DS1_Heat_DHW_Power', NULL, NULL, NULL, '2'),
    (2376, 'power_heat_dhw', 'heat_meter', 'heat', 'in', 30, 14, 'DS2_Heat_DHW_Power', NULL, NULL, NULL, '2'),
    (2377, 'power_heat_dhw', 'heat_meter', 'heat', 'in', 30, 15, 'DS3_Heat_DHW_Power', NULL, NULL, NULL, '2'),
    (2378, 'power_heat_dhw', 'heat_meter', 'heat', 'in', 30, 16, 'DS4_Heat_DHW_Power', NULL, NULL, NULL, '2'),
    (2379, 'power_heat_dhw', 'heat_meter', 'heat', 'in', 30, 17, 'DS5_Heat_DHW_Power', NULL, NULL, NULL, '2'),
    (2380, 'power_heat_dhw', 'heat_meter', 'heat', 'in', 30, 18, 'DS6_Heat_DHW_Power', NULL, NULL, NULL, '2'),
    (2381, 'power_heat_dhw', 'heat_meter', 'heat', 'in', 30, 20, 'WBIS_Heat_DHW_Power', NULL, NULL, NULL, '2'),
    (2382, 'power_heat_dhw', 'heat_meter', 'heat', 'in', 30, 22, 'WBMIZ_Heat_DHW_Power', NULL, NULL, NULL, '2'),
    (2383, 'power_heat_dhw', 'heat_meter', 'heat', 'in', 30, 23, 'WE_Heat_DHW_Power', NULL, NULL, NULL, '2'),
    (2384, 'power_heat_heating', 'heat_meter', 'heat', 'in', 30, 24, 'CM_Heat_Heating_Power', NULL, NULL, NULL, '2'),
    (2385, 'power_heat_heating', 'heat_meter', 'heat', 'in', 30, 11, 'CDWTCh_Heat_Heating_Power', NULL, NULL, NULL, '2'),
    (2386, 'power_heat_heating', 'heat_meter', 'heat', 'in', 30, 13, 'DS1_Heat_Heating_Power', NULL, NULL, NULL, '2'),
    (2387, 'power_heat_heating', 'heat_meter', 'heat', 'in', 30, 14, 'DS2_Heat_Heating_Power', NULL, NULL, NULL, '2'),
    (2388, 'power_heat_heating', 'heat_meter', 'heat', 'in', 30, 15, 'DS3_Heat_Heating_Power', NULL, NULL, NULL, '2'),
    (2389, 'power_heat_heating', 'heat_meter', 'heat', 'in', 30, 16, 'DS4_Heat_Heating_Power', NULL, NULL, NULL, '2'),
    (2390, 'power_heat_heating', 'heat_meter', 'heat', 'in', 30, 17, 'DS5_Heat_Heating_Power', NULL, NULL, NULL, '2'),
    (2391, 'power_heat_heating', 'heat_meter', 'heat', 'in', 30, 18, 'DS6_Heat_Heating_Power', NULL, NULL, NULL, '2'),
    (2392, 'power_heat_heating', 'heat_meter', 'heat', 'in', 30, 20, 'WBIS_Heat_Heating_Power', NULL, NULL, NULL, '2'),
    (2393, 'power_heat_heating', 'heat_meter', 'heat', 'in', 30, 22, 'WBMIZ_Heat_Heating_Power', NULL, NULL, NULL, '2'),
    (2394, 'power_heat_heating', 'heat_meter', 'heat', 'in', 30, 23, 'WE_Heat_Heating_Power', NULL, NULL, NULL, '2'),
    (2395, 'co_temp_supply_1', 'temperature', 'heat', 'in', 4, 23, 'WE_Heat_CO_Temp_in_1', NULL, NULL, NULL, '2'),
    (2396, 'co_temp_return_1', 'temperature', 'heat', 'out', 4, 23, 'WE_Heat_CO_Temp_out_1', NULL, NULL, NULL, '2'),
    (2397, 'co_temp_supply_2', 'temperature', 'heat', 'in', 4, 23, 'WE_Heat_CO_Temp_in_2', NULL, NULL, NULL, '2'),
    (2398, 'co_temp_return_2', 'temperature', 'heat', 'out', 4, 23, 'WE_Heat_CO_Temp_out_2', NULL, NULL, NULL, '2'),
    (2399, 'ccwu_temp_supply', 'temperature', 'heat', 'in', 4, 23, 'WE_Heat_CCWU_Temp_in', NULL, NULL, NULL, '2'),
    (2400, 'ccwu_temp_return', 'temperature', 'heat', 'out', 4, 23, 'WE_Heat_CCWU_Temp_out', NULL, NULL, NULL, '2'),
    (2401, 'cwu_temp_supply', 'temperature', 'heat', 'in', 4, 23, 'WE_Heat_CWU_Temp_in', NULL, NULL, NULL, '2'),
    (2402, 'cwu_temp_return', 'temperature', 'heat', 'out', 4, 23, 'WE_Heat_CWU_Temp_out', NULL, NULL, NULL, '2'),
    (2403, 'co_temp_supply_1', 'temperature', 'heat', 'in', 4, 22, 'WBMIZ_Heat_CO_Temp_in_1', NULL, NULL, NULL, '2'),
    (2404, 'co_temp_return_1', 'temperature', 'heat', 'out', 4, 22, 'WBMIZ_Heat_CO_Temp_out_1', NULL, NULL, NULL, '2'),
    (2405, 'co_temp_supply_2', 'temperature', 'heat', 'in', 4, 22, 'WBMIZ_Heat_CO_Temp_in_2', NULL, NULL, NULL, '2'),
    (2406, 'co_temp_return_2', 'temperature', 'heat', 'out', 4, 22, 'WBMIZ_Heat_CO_Temp_out_2', NULL, NULL, NULL, '2'),
    (2407, 'cwu_temp_supply', 'temperature', 'heat', 'in', 4, 22, 'WBMIZ_Heat_CWU_Temp_in', NULL, NULL, NULL, '2'),
    (2408, 'cwu_temp_return', 'temperature', 'heat', 'out', 4, 22, 'WBMIZ_Heat_CWU_Temp_out', NULL, NULL, NULL, '2'),
    (2409, 'ccwu_temp_supply', 'temperature', 'heat', 'in', 4, 22, 'WBMIZ_Heat_CCWU_Temp_in', NULL, NULL, NULL, '2'),
    (2410, 'ccwu_temp_return', 'temperature', 'heat', 'out', 4, 22, 'WBMIZ_Heat_CCWU_Temp_out', NULL, NULL, NULL, '2'),
    (2411, 'ccwu_temp_supply', 'temperature', 'heat', 'in', 4, 11, 'CDWTCh_Heat_CCWU_Temp_in', NULL, NULL, NULL, '2'),
    (2412, 'ccwu_temp_return', 'temperature', 'heat', 'out', 4, 11, 'CDWTCh_Heat_CCWU_Temp_out', NULL, NULL, NULL, '2'),
    (2413, 'cwu_temp_supply', 'temperature', 'heat', 'in', 4, 11, 'CDWTCh_Heat_CWU_Temp_in', NULL, NULL, NULL, '2'),
    (2414, 'cwu_temp_return', 'temperature', 'heat', 'out', 4, 11, 'CDWTCh_Heat_CWU_Temp_out', NULL, NULL, NULL, '2'),
    (2415, 'veolia_temp_supply', 'temperature', 'heat', 'in', 4, 11, 'CDWTCh_Heat_Veolia_Temp_in', NULL, NULL, NULL, '2'),
    (2416, 'veolia_temp_return', 'temperature', 'heat', 'out', 4, 11, 'CDWTCh_Heat_Veolia_Temp_out', NULL, NULL, NULL, '2'),
    (2417, 'pc_temp_supply', 'temperature', 'heat', 'in', 4, 11, 'CDWTCh_Heat_PC_Temp_in', NULL, NULL, NULL, '2'),
    (2418, 'pc_temp_return', 'temperature', 'heat', 'out', 4, 11, 'CDWTCh_Heat_PC_Temp_out', NULL, NULL, NULL, '2'),
    (2419, 'current_temp', 'temperature', NULL, NULL, 4, 24, 'CMBIN_Average_Temperature', NULL, NULL, NULL, '2'),
    (2420, 'sp_heating', 'temperature', NULL, NULL, 4, 24, 'CMBIN_Average_Sp_Heating', NULL, NULL, NULL, '2'),
    (2421, 'sp_cooling', 'temperature', NULL, NULL, 4, 24, 'CMBIN_Average_Sp_Cooling', NULL, NULL, NULL, '2'),
    (2422, 'sp_user_correction', 'temperature', NULL, NULL, 4, 24, 'CMBIN_Average_Sp_User_Correction', NULL, NULL, NULL, '2'),
    (2423, 'co_temp_supply', 'temperature', 'heat', 'in', 4, 24, 'CMBIN:LPlt''HeatMtr''LiczC3''TFl', NULL, NULL, NULL, '2'),
    (2424, 'co_temp_return', 'temperature', 'heat', 'in', 4, 24, 'CMBIN:LPlt''HeatMtr''LiczC3''TRt', NULL, NULL, NULL, '2'),
    (2425, 'ct_temp_supply', 'temperature', 'heat', 'in', 4, 24, 'CMBIN:LPlt''HeatMtr''LiczC2''TFl', NULL, NULL, NULL, '2'),
    (2426, 'ct_temp_return', 'temperature', 'heat', 'in', 4, 24, 'CMBIN:LPlt''HeatMtr''LiczC2''TRt', NULL, NULL, NULL, '2'),
    (2427, 'cwu_temp_supply', 'temperature', 'heat', 'in', 4, 24, 'CMBIN:LPlt''HeatMtr''LiczC1''TFl', NULL, NULL, NULL, '2'),
    (2428, 'cwu_temp_return', 'temperature', 'heat', 'in', 4, 24, 'CMBIN:LPlt''HeatMtr''LiczC1''TRt', NULL, NULL, NULL, '2');

INSERT INTO measurement_details(
    id, measurement_id, key, value)
    VALUES (2000, 2000, 'cumulative', 'true'),
    (2002, 2002, 'cumulative', 'true'),
    (2004, 2004, 'cumulative', 'true'),
    (2006, 2006, 'cumulative', 'true'),
    (2007, 2007, 'cumulative', 'true'),
    (2026, 2026, 'cumulative', 'true'),
    (2027, 2027, 'cumulative', 'true'),
    (2031, 2031, 'cumulative', 'true'),
    (2032, 2032, 'cumulative', 'true'),
    (2034, 2034, 'cumulative', 'true'),
    (2036, 2036, 'cumulative', 'true'),
    (2053, 2053, 'cumulative', 'true'),
    (2300, 2300, 'cumulative', 'true'),
    (2301, 2301, 'cumulative', 'true'),
    (2302, 2302, 'cumulative', 'true'),
    (2303, 2303, 'cumulative', 'true'),
    (2304, 2304, 'cumulative', 'true'),
    (2305, 2305, 'cumulative', 'true'),
    (2306, 2306, 'cumulative', 'true'),
    (2307, 2307, 'cumulative', 'true'),
    (2308, 2308, 'cumulative', 'true'),
    (2309, 2309, 'cumulative', 'true'),
    (2310, 2310, 'cumulative', 'true'),
    (2311, 2311, 'cumulative', 'true'),
    (2312, 2312, 'cumulative', 'true'),
    (2313, 2313, 'cumulative', 'true'),
    (2339, 2339, 'cumulative', 'true'),
    (2340, 2340, 'cumulative', 'true'),
    (2341, 2341, 'cumulative', 'true'),
    (2342, 2342, 'cumulative', 'true'),
    (2343, 2343, 'cumulative', 'true'),
    (2344, 2344, 'cumulative', 'true'),
    (2351, 2351, 'cumulative', 'true'),
    (2352, 2352, 'cumulative', 'true'),
    (2353, 2353, 'cumulative', 'true'),
    (2354, 2354, 'cumulative', 'true'),
    (2355, 2355, 'cumulative', 'true'),
    (2356, 2356, 'cumulative', 'true'),
    (2357, 2357, 'cumulative', 'true'),
    (2358, 2358, 'cumulative', 'true'),
    (2359, 2359, 'cumulative', 'true'),
    (2360, 2360, 'cumulative', 'true'),
    (2361, 2361, 'cumulative', 'true'),
    (2362, 2362, 'cumulative', 'true'),
    (2363, 2363, 'cumulative', 'true'),
    (2364, 2364, 'cumulative', 'true'),
    (2365, 2365, 'cumulative', 'true'),
    (2366, 2366, 'cumulative', 'true'),
    (2367, 2367, 'cumulative', 'true'),
    (2368, 2368, 'cumulative', 'true'),
    (2369, 2369, 'cumulative', 'true'),
    (2370, 2370, 'cumulative', 'true'),
    (2371, 2371, 'cumulative', 'true'),
    (2372, 2372, 'cumulative', 'true');
    

    
INSERT INTO tags(
    id, key, value)
    VALUES (1000, 'type_data', 'real'),
    (1001, 'interpolation_method', 'none'),
    (1002, 'interpolation_method', 'spline'),
    (1003, 'interpolation_method', 'spline_and_value_repetition'),
    (13, 'cpu_count', null),
    (1004, 'cpu_count', '1300'),
    (1005, 'cpu_count', '1301');
    
INSERT INTO measurement_tags(
    tag_id, measurement_id)
    VALUES (1000, 2000),
    (1000, 2002),
    (1000, 2004),
    (1000, 2006),
    (1000, 2007),
    (1000, 2008),
    (1000, 2009),
    (1000, 2010),
    (1000, 2011),
    (1000, 2012),
    (1000, 2013),
    (1000, 2014),
    (1000, 2015),
    (1000, 2016),
    (1000, 2017),
    (1000, 2018),
    (1000, 2019),
    (1000, 2020),
    (1000, 2021),
    (1000, 2022),
    (1000, 2023),
    (1000, 2024),
    (1000, 2025),
    (1000, 2026),
    (1000, 2027),
    (1000, 2028),
    (1000, 2029),
    (1000, 2030),
    (1000, 2031),
    (1000, 2032),
    (1000, 2033),
    (1000, 2034),
    (1000, 2036),
	(1000, 2037),
	(1000, 2038),
    (1000, 2039),
    (1000, 2040),
    (1000, 2041),
    (1000, 2042),
    (1000, 2043),
    (1000, 2044),
    (1000, 2045),
    (1000, 2046),
    (1000, 2047),
    (1000, 2048),
    (1000, 2049),
    (1000, 2050),
    (1000, 2300),
    (1000, 2301),
    (1000, 2302),
    (1000, 2303),
    (1000, 2304),
    (1000, 2305),
    (1000, 2306),
    (1000, 2307),
    (1000, 2308),
    (1000, 2309),
    (1000, 2310),
    (1000, 2311),
    (1000, 2312),
    (1000, 2313),
    (1000, 2314),
    (1000, 2315),
    (1000, 2316),
    (1000, 2317),
    (1000, 2318),
    (1000, 2319),
    (1000, 2320),
    (1000, 2321),
    (1000, 2322),
    (1000, 2323),
    (1000, 2324),
    (1000, 2325),
    (1000, 2326),
    (1000, 2327),
    (1000, 2328),
    (1000, 2329),
    (1000, 2330),
    (1000, 2331),
    (1000, 2332),
    (1000, 2333),
    (1000, 2334),
    (1000, 2335),
    (1000, 2336),
    (1000, 2337),
    (1000, 2338),
    (1000, 2339),
    (1000, 2340),
    (1000, 2341),
    (1000, 2342),
    (1000, 2343),
    (1000, 2344),
    (1000, 2345),
    (1000, 2346),
    (1000, 2347),
    (1000, 2348),
    (1000, 2349),
    (1000, 2350),
    (1000, 2351),
    (1000, 2352),
    (1000, 2353),
    (1000, 2354),
    (1000, 2355),
    (1000, 2356),
    (1000, 2357),
    (1000, 2358),
    (1000, 2359),
    (1000, 2360),
    (1000, 2361),
    (1000, 2362),
    (1000, 2363),
    (1000, 2364),
    (1000, 2365),
    (1000, 2366),
    (1000, 2367),
    (1000, 2368),
    (1000, 2369),
    (1000, 2370),
    (1000, 2371),
    (1000, 2372),
    (1000, 2373),
    (1000, 2374),
    (1000, 2375),
    (1000, 2376),
    (1000, 2377),
    (1000, 2378),
    (1000, 2379),
    (1000, 2380),
    (1000, 2381),
    (1000, 2382),
    (1000, 2383),
    (1000, 2384),
    (1000, 2385),
    (1000, 2386),
    (1000, 2387),
    (1000, 2388),
    (1000, 2389),
    (1000, 2390),
    (1000, 2391),
    (1000, 2392),
    (1000, 2393),
    (1000, 2394),
    (1000, 2395),
    (1000, 2396),
    (1000, 2397),
    (1000, 2398),
    (1000, 2399),
    (1000, 2400),
    (1000, 2401),
    (1000, 2402),
    (1000, 2403),
    (1000, 2404),
    (1000, 2405),
    (1000, 2406),
    (1000, 2407),
    (1000, 2408),
    (1000, 2409),
    (1000, 2410),
    (1000, 2411),
    (1000, 2412),
    (1000, 2413),
    (1000, 2414),
    (1000, 2415),
    (1000, 2416),
    (1000, 2417),
    (1000, 2418),
    (1000, 2419),
    (1000, 2420),
    (1000, 2421),
    (1000, 2422),
    (1000, 2423),
    (1000, 2424),
    (1000, 2425),
    (1000, 2426),
    (1000, 2427),
    (1000, 2428),
    (1001, 2000),
    (1001, 2002),
    (1001, 2004),
    (1001, 2006),
    (1002, 2007),
    (1001, 2008),
    (1003, 2009),
    (1001, 2010),
    (1003, 2011),
    (1001, 2012),
    (1003, 2013),
    (1001, 2014),
    (1003, 2015),
    (1001, 2016),
    (1002, 2017),
    (1001, 2018),
    (1002, 2019),
    (1001, 2020),
    (1001, 2021),
    (1001, 2022),
    (1001, 2023),
    (1001, 2024),
    (1001, 2025),
    (1001, 2026),
    (1001, 2027),
    (1001, 2031),
    (1001, 2032),
    (1001, 2033),
    (1001, 2034),
    (1001, 2036),
    (1001, 2037),
    (1001, 2038),
    (1001, 2039),
    (1001, 2040),
    (1001, 2041),
    (1001, 2042),
    (1001, 2043),
    (1001, 2044),
    (1001, 2045),
    (1001, 2046),
    (1001, 2047),
    (1001, 2048),
    (1001, 2049),
    (1004, 2051),
    (1004, 2052),
    (1004, 2053),
    (1004, 2054),
    (1004, 2055),
    (1004, 2056),
    (1004, 2057),
    (1004, 2058);
